<!-- [ Mirror metadata ] generatedAt: 1485621253897 -->
<!-- Generated screen file. Fill the id tags below with content with
which to populate your previewed layout. For a complete specification
of sample data, please see http://jimulabs.com/sample-data-specifications/ 

Valid attributes on <screen> tag: theme="@style/someTheme" inEditMode="false" overlay="@drawable/mockup" -->
<screen>
    <_content layout="@layout/navigationview_header">
        <!-- ImageView Examples:
        <img src="@drawable/image_resource" />
        <img src="relative_path/image.jpg" /> -->
        <img />
        <!-- TextView Examples:
        <username text="@string/string_resource" />
        <username text="Text literal" textSize="14sp" /> -->
        <username />
        <useremail />
    </_content>
</screen>
